epoch,stage,optimization_loss,elapsed_seconds,train_eval_loss,train_eval_accuracy,train_eval_macro_f1,train_eval_domain_macro_f1,val_loss,val_accuracy,val_macro_f1,val_domain_macro_f1,val_All_accuracy,val_EuroSAT_accuracy,val_UCMerced_accuracy
1,warmup,0.44845071724649777,125.93387413024902,0.14941023626251373,0.9720558882235529,0.9720642843086702,0.9854435121902639,0.17888645183472407,0.9545238095238096,0.9548736239804455,0.9661334571471506,0.9545238095238096,0.9538271604938272,0.9733333333333334
2,warmup,0.3402209738102657,255.44373631477356,0.11990422893784003,0.9800399201596807,0.9802531992280656,0.9897150523231717,0.15407495565357662,0.9642857142857143,0.9648040205020003,0.9791304622359175,0.9642857142857143,0.9632098765432099,0.9933333333333333
3,finetune,0.31850647369941476,392.7978789806366,0.08534242655940637,0.9880239520958084,0.9881567766463661,0.9938595908265954,0.123218412228993,0.9721428571428572,0.9729953967762579,0.9834131554200007,0.9721428571428572,0.971358024691358,0.9933333333333333
4,finetune,0.29073566447119853,532.1932752132416,0.08727922812550368,0.9890219560878244,0.9893940782096833,0.9945361478146046,0.124642630645207,0.9711904761904762,0.9707887901018486,0.9821936340998447,0.9711904761904762,0.9703703703703703,0.9933333333333333
5,finetune,0.28368063695522355,669.7476484775543,0.06369250914650763,0.9880239520958084,0.9888515531368643,0.9942561191987013,0.09733805786995661,0.9771428571428571,0.9775393551780948,0.9857428811693199,0.9771428571428571,0.9765432098765432,0.9933333333333333
6,finetune,0.27415252118562217,808.1689610481262,0.06691569423009297,0.9960079840319361,0.9957138132485077,0.9977553705088271,0.10238085834752945,0.9802380952380952,0.9807143130884992,0.9874059218234822,0.9802380952380952,0.9797530864197531,0.9933333333333333
7,finetune,0.269202604102957,930.9247260093689,0.06958239521095139,0.9910179640718563,0.9907480093466072,0.9951551348947376,0.10599429425739107,0.9788095238095238,0.9789334652378077,0.986434701783684,0.9788095238095238,0.9782716049382716,0.9933333333333333
8,finetune,0.2624781829640904,1051.9930846691132,0.07163805242427095,0.9930139720558883,0.9929478598387803,0.996324270239547,0.1049485636750857,0.9771428571428571,0.9770131234168504,0.9854302305668223,0.9771428571428571,0.9765432098765432,0.9933333333333333
9,finetune,0.259941413067994,1173.9887413978577,0.0512030013128669,0.9940119760479041,0.9939860377749516,0.9968630250289314,0.08974048049676986,0.9823809523809524,0.9825055682742804,0.9883158964883143,0.9823809523809524,0.9819753086419754,0.9933333333333333
10,finetune,0.25357038345900873,1296.559834241867,0.0480073358484371,0.9970059880239521,0.9972939665081834,0.9986092176041599,0.08615867416063945,0.9823809523809524,0.9821979488114192,0.98813202327052,0.9823809523809524,0.9819753086419754,0.9933333333333333
11,finetune,0.2514366786469853,1417.7371928691864,0.04885990040268964,0.999001996007984,0.9991172790773903,0.9995437897893469,0.09264832611594881,0.9821428571428571,0.9822308397293373,0.985547154233658,0.9821428571428571,0.9819753086419754,0.9866666666666667
12,finetune,0.24906064928432553,1537.3281338214874,0.046071183746922276,0.998003992015968,0.9982791228076577,0.9991154949525425,0.08868919297343208,0.9830952380952381,0.9832075035008112,0.9886829630392872,0.9830952380952381,0.9827160493827161,0.9933333333333333
13,finetune,0.24665785196046572,1657.850017786026,0.043073799022419486,0.998003992015968,0.9982791228076577,0.9991154949525425,0.08783138102009183,0.9816666666666667,0.9813982902089664,0.9877109468556136,0.9816666666666667,0.9812345679012345,0.9933333333333333
14,finetune,0.2467487287147902,1778.8502724170685,0.04821990463072193,0.998003992015968,0.9981837567848151,0.9990653652202294,0.09133409869103204,0.9828571428571429,0.9832792945904216,0.9887354592646637,0.9828571428571429,0.9824691358024691,0.9933333333333333
