architecture,attention,seed,source,n,accuracy,macro_f1,best_epoch,epochs_run,parameters,trainable_parameters,gpu,training_minutes
resnet18,False,42,All,4200,0.9847619047619048,0.9850262998225412,12,14,11242821,8460037,Tesla T4,32.92837310234706
resnet18,False,42,EuroSAT,4050,0.9844444444444445,0.9848169984160652,12,14,11242821,8460037,Tesla T4,32.92837310234706
resnet18,False,42,UCMerced,150,0.9933333333333332,0.9944741204641738,12,14,11242821,8460037,Tesla T4,32.92837310234706
resnet18,True,42,All,4200,0.9857142857142858,0.9859371543201296,13,14,11309126,8526342,Tesla T4,30.20755081574122
resnet18,True,42,EuroSAT,4050,0.985679012345679,0.9861023158806704,13,14,11309126,8526342,Tesla T4,30.20755081574122
resnet18,True,42,UCMerced,150,0.9866666666666668,0.9890029325513195,13,14,11309126,8526342,Tesla T4,30.20755081574122
mobilenet_v3_large,False,42,All,4200,0.9828571428571428,0.9832792945904216,14,14,3095605,1076533,Tesla T4,29.647504540284476
mobilenet_v3_large,False,42,EuroSAT,4050,0.9824691358024692,0.9829967980651536,14,14,3095605,1076533,Tesla T4,29.647504540284476
mobilenet_v3_large,False,42,UCMerced,150,0.9933333333333332,0.9944741204641738,14,14,3095605,1076533,Tesla T4,29.647504540284476
mobilenet_v3_large,True,42,All,4200,0.9773809523809524,0.977632662272813,6,10,3161910,1142838,Tesla T4,21.864993862311046
mobilenet_v3_large,True,42,EuroSAT,4050,0.9765432098765432,0.9767702310266612,6,10,3161910,1142838,Tesla T4,21.864993862311046
mobilenet_v3_large,True,42,UCMerced,150,1.0,1.0,6,10,3161910,1142838,Tesla T4,21.864993862311046
efficientnet_b0,False,42,All,4200,0.9866666666666668,0.987354138352752,12,14,4172161,1294005,Tesla T4,29.889767889181773
efficientnet_b0,False,42,EuroSAT,4050,0.9861728395061728,0.9869155482048058,12,14,4172161,1294005,Tesla T4,29.889767889181773
efficientnet_b0,False,42,UCMerced,150,1.0,1.0,12,14,4172161,1294005,Tesla T4,29.889767889181773
efficientnet_b0,True,42,All,4200,0.9854761904761904,0.9853819070562548,11,14,4238466,1360310,Tesla T4,29.537438853581747
efficientnet_b0,True,42,EuroSAT,4050,0.9849382716049384,0.9847683962443122,11,14,4238466,1360310,Tesla T4,29.537438853581747
efficientnet_b0,True,42,UCMerced,150,1.0,1.0,11,14,4238466,1360310,Tesla T4,29.537438853581747
